{"lats": [51.84, 51.84129032258065, 51.84258064516129, 51.843870967741935, 51.84516129032259, 51.84645161290323, 51.847741935483874, 51.84903225806452, 51.85032258064516, 51.851612903225806, 51.85290322580646, 51.8541935483871, 51.855483870967745, 51.85677419354839, 51.85806451612903, 51.85935483870968, 51.86064516129033, 51.86193548387097, 51.86322580645162, 51.86451612903226, 51.865806451612904, 51.86709677419355, 51.8683870967742, 51.86967741935484, 51.87096774193549, 51.87225806451613, 51.873548387096776, 51.87483870967742, 51.87612903225807, 51.877419354838715, 51.87870967741936, 51.88], "lons": [0.41, 0.41177419354838707, 0.41354838709677416, 0.41532258064516125, 0.41709677419354835, 0.41887096774193544, 0.4206451612903226, 0.4224193548387097, 0.4241935483870968, 0.42596774193548387, 0.42774193548387096, 0.42951612903225805, 0.43129032258064515, 0.43306451612903224, 0.43483870967741933, 0.4366129032258064, 0.4383870967741936, 0.44016129032258067, 0.44193548387096776, 0.44370967741935485, 0.44548387096774195, 0.44725806451612904, 0.44903225806451613, 0.4508064516129032, 0.4525806451612903, 0.4543548387096774, 0.45612903225806456, 0.45790322580645165, 0.45967741935483875, 0.46145161290322584, 0.46322580645161293, 0.465], "elevations": [[76.0, 73.0, 72.0, 66.0, 61.0, 58.0, 57.0, 53.0, 49.0, 44.0, 44.0, 47.0, 52.0, 55.0, 59.0, 62.0, 66.0, 72.0, 73.0, 73.0, 72.0, 72.0, 67.0, 64.0, 64.0, 63.0, 61.0, 60.0, 58.0, 58.0, 56.0, 58.0], [74.0, 72.0, 69.0, 68.0, 65.0, 59.0, 53.0, 51.0, 47.0, 43.0, 42.0, 44.0, 52.0, 57.0, 61.0, 66.0, 71.0, 75.0, 76.0, 75.0, 75.0, 71.0, 66.0, 64.0, 60.0, 57.0, 55.0, 54.0, 55.0, 54.0, 55.0, 57.0], [72.0, 70.0, 67.0, 64.0, 65.0, 61.0, 54.0, 50.0, 43.0, 42.0, 40.0, 46.0, 56.0, 60.0, 65.0, 69.0, 70.0, 74.0, 77.0, 74.0, 74.0, 72.0, 68.0, 63.0, 58.0, 57.0, 57.0, 58.0, 59.0, 59.0, 59.0, 62.0], [71.0, 69.0, 64.0, 61.0, 56.0, 53.0, 52.0, 46.0, 43.0, 43.0, 49.0, 52.0, 55.0, 61.0, 68.0, 73.0, 74.0, 72.0, 74.0, 72.0, 75.0, 73.0, 67.0, 63.0, 58.0, 53.0, 58.0, 59.0, 60.0, 61.0, 61.0, 63.0], [73.0, 70.0, 68.0, 62.0, 58.0, 54.0, 49.0, 46.0, 44.0, 49.0, 52.0, 57.0, 60.0, 63.0, 68.0, 70.0, 73.0, 72.0, 67.0, 69.0, 68.0, 69.0, 64.0, 61.0, 57.0, 57.0, 55.0, 55.0, 56.0, 57.0, 58.0, 58.0], [72.0, 71.0, 67.0, 66.0, 60.0, 55.0, 51.0, 46.0, 44.0, 49.0, 54.0, 58.0, 61.0, 63.0, 69.0, 70.0, 70.0, 72.0, 71.0, 69.0, 68.0, 66.0, 63.0, 61.0, 57.0, 56.0, 61.0, 61.0, 61.0, 59.0, 58.0, 59.0], [71.0, 71.0, 67.0, 65.0, 60.0, 55.0, 53.0, 46.0, 44.0, 47.0, 52.0, 59.0, 60.0, 67.0, 71.0, 70.0, 73.0, 73.0, 72.0, 71.0, 67.0, 65.0, 62.0, 62.0, 60.0, 60.0, 63.0, 65.0, 67.0, 66.0, 64.0, 65.0], [70.0, 70.0, 67.0, 64.0, 60.0, 56.0, 51.0, 47.0, 42.0, 50.0, 55.0, 58.0, 60.0, 65.0, 68.0, 67.0, 71.0, 73.0, 69.0, 69.0, 69.0, 67.0, 64.0, 60.0, 59.0, 59.0, 64.0, 67.0, 67.0, 68.0, 68.0, 67.0], [66.0, 67.0, 65.0, 64.0, 60.0, 58.0, 53.0, 47.0, 45.0, 50.0, 54.0, 59.0, 63.0, 66.0, 66.0, 70.0, 70.0, 73.0, 73.0, 71.0, 68.0, 69.0, 66.0, 61.0, 59.0, 61.0, 68.0, 70.0, 71.0, 71.0, 69.0, 71.0], [60.0, 64.0, 64.0, 62.0, 59.0, 56.0, 52.0, 46.0, 43.0, 48.0, 55.0, 60.0, 64.0, 68.0, 70.0, 74.0, 72.0, 72.0, 71.0, 72.0, 69.0, 66.0, 66.0, 62.0, 62.0, 61.0, 66.0, 69.0, 72.0, 72.0, 71.0, 70.0], [57.0, 58.0, 61.0, 62.0, 58.0, 55.0, 50.0, 44.0, 44.0, 51.0, 57.0, 60.0, 65.0, 69.0, 73.0, 73.0, 74.0, 75.0, 72.0, 71.0, 67.0, 67.0, 63.0, 61.0, 60.0, 62.0, 67.0, 69.0, 69.0, 72.0, 70.0, 66.0], [52.0, 51.0, 55.0, 59.0, 55.0, 51.0, 48.0, 43.0, 46.0, 53.0, 61.0, 62.0, 67.0, 70.0, 75.0, 76.0, 74.0, 76.0, 74.0, 72.0, 71.0, 68.0, 65.0, 62.0, 62.0, 66.0, 67.0, 69.0, 71.0, 72.0, 70.0, 69.0], [45.0, 47.0, 49.0, 48.0, 45.0, 43.0, 45.0, 47.0, 47.0, 57.0, 62.0, 65.0, 67.0, 73.0, 78.0, 77.0, 77.0, 75.0, 78.0, 75.0, 72.0, 70.0, 66.0, 64.0, 66.0, 65.0, 68.0, 70.0, 72.0, 74.0, 72.0, 71.0], [45.0, 46.0, 46.0, 46.0, 43.0, 44.0, 46.0, 46.0, 53.0, 58.0, 63.0, 67.0, 71.0, 76.0, 78.0, 77.0, 80.0, 79.0, 77.0, 78.0, 75.0, 70.0, 69.0, 69.0, 66.0, 69.0, 70.0, 71.0, 73.0, 73.0, 74.0, 74.0], [53.0, 52.0, 51.0, 50.0, 46.0, 45.0, 44.0, 48.0, 55.0, 59.0, 61.0, 67.0, 72.0, 75.0, 77.0, 80.0, 78.0, 78.0, 81.0, 78.0, 75.0, 71.0, 67.0, 67.0, 67.0, 69.0, 69.0, 74.0, 73.0, 76.0, 75.0, 74.0], [58.0, 57.0, 55.0, 53.0, 51.0, 47.0, 46.0, 50.0, 56.0, 58.0, 64.0, 66.0, 71.0, 72.0, 75.0, 79.0, 78.0, 77.0, 77.0, 77.0, 73.0, 72.0, 68.0, 67.0, 68.0, 69.0, 73.0, 76.0, 78.0, 75.0, 75.0, 75.0], [60.0, 57.0, 55.0, 56.0, 55.0, 48.0, 46.0, 48.0, 55.0, 56.0, 61.0, 64.0, 66.0, 70.0, 73.0, 73.0, 75.0, 75.0, 76.0, 72.0, 72.0, 72.0, 69.0, 69.0, 69.0, 72.0, 74.0, 73.0, 76.0, 78.0, 78.0, 79.0], [63.0, 62.0, 59.0, 57.0, 54.0, 51.0, 46.0, 46.0, 48.0, 54.0, 57.0, 59.0, 63.0, 68.0, 71.0, 70.0, 69.0, 68.0, 69.0, 69.0, 68.0, 70.0, 70.0, 69.0, 71.0, 73.0, 74.0, 74.0, 76.0, 78.0, 77.0, 76.0], [69.0, 65.0, 62.0, 57.0, 57.0, 55.0, 51.0, 47.0, 46.0, 48.0, 55.0, 60.0, 63.0, 65.0, 65.0, 65.0, 65.0, 65.0, 63.0, 64.0, 65.0, 68.0, 68.0, 71.0, 73.0, 75.0, 75.0, 74.0, 76.0, 77.0, 77.0, 78.0], [68.0, 66.0, 66.0, 64.0, 61.0, 60.0, 55.0, 53.0, 47.0, 46.0, 50.0, 57.0, 66.0, 64.0, 62.0, 61.0, 62.0, 64.0, 61.0, 60.0, 63.0, 62.0, 66.0, 70.0, 73.0, 75.0, 76.0, 78.0, 76.0, 78.0, 77.0, 77.0], [70.0, 70.0, 70.0, 68.0, 66.0, 63.0, 64.0, 61.0, 57.0, 48.0, 47.0, 49.0, 61.0, 58.0, 58.0, 57.0, 59.0, 60.0, 59.0, 58.0, 63.0, 65.0, 68.0, 68.0, 73.0, 72.0, 78.0, 77.0, 79.0, 77.0, 76.0, 77.0], [76.0, 75.0, 73.0, 70.0, 68.0, 67.0, 65.0, 62.0, 59.0, 56.0, 49.0, 47.0, 46.0, 52.0, 56.0, 57.0, 58.0, 59.0, 61.0, 64.0, 67.0, 68.0, 69.0, 72.0, 73.0, 75.0, 75.0, 78.0, 79.0, 79.0, 79.0, 75.0], [78.0, 76.0, 76.0, 73.0, 73.0, 69.0, 67.0, 65.0, 62.0, 60.0, 51.0, 48.0, 50.0, 52.0, 59.0, 60.0, 62.0, 65.0, 63.0, 66.0, 69.0, 70.0, 69.0, 70.0, 73.0, 76.0, 77.0, 79.0, 80.0, 80.0, 79.0, 77.0], [80.0, 80.0, 78.0, 77.0, 75.0, 72.0, 69.0, 67.0, 63.0, 59.0, 51.0, 48.0, 51.0, 57.0, 62.0, 66.0, 68.0, 66.0, 66.0, 68.0, 70.0, 73.0, 71.0, 72.0, 72.0, 74.0, 75.0, 76.0, 78.0, 82.0, 81.0, 80.0], [83.0, 81.0, 80.0, 80.0, 77.0, 73.0, 70.0, 65.0, 62.0, 56.0, 51.0, 51.0, 57.0, 60.0, 66.0, 67.0, 69.0, 71.0, 72.0, 73.0, 72.0, 73.0, 74.0, 73.0, 72.0, 75.0, 76.0, 78.0, 78.0, 81.0, 80.0, 78.0], [83.0, 84.0, 82.0, 82.0, 77.0, 73.0, 70.0, 66.0, 65.0, 53.0, 49.0, 54.0, 62.0, 64.0, 70.0, 70.0, 72.0, 73.0, 74.0, 74.0, 75.0, 75.0, 76.0, 76.0, 74.0, 76.0, 76.0, 78.0, 77.0, 82.0, 80.0, 79.0], [84.0, 81.0, 81.0, 80.0, 77.0, 74.0, 70.0, 64.0, 58.0, 51.0, 48.0, 54.0, 63.0, 66.0, 72.0, 72.0, 74.0, 74.0, 74.0, 77.0, 77.0, 78.0, 79.0, 77.0, 77.0, 78.0, 79.0, 80.0, 79.0, 80.0, 78.0, 77.0], [82.0, 78.0, 76.0, 75.0, 73.0, 70.0, 66.0, 62.0, 56.0, 50.0, 47.0, 55.0, 63.0, 68.0, 72.0, 73.0, 74.0, 73.0, 74.0, 76.0, 78.0, 79.0, 80.0, 79.0, 78.0, 80.0, 80.0, 81.0, 80.0, 79.0, 77.0, 77.0], [84.0, 79.0, 72.0, 69.0, 66.0, 65.0, 62.0, 59.0, 54.0, 51.0, 49.0, 59.0, 65.0, 68.0, 74.0, 77.0, 75.0, 76.0, 76.0, 77.0, 80.0, 81.0, 81.0, 81.0, 80.0, 82.0, 81.0, 80.0, 79.0, 79.0, 75.0, 75.0], [78.0, 76.0, 74.0, 71.0, 67.0, 62.0, 57.0, 53.0, 52.0, 52.0, 59.0, 61.0, 64.0, 69.0, 74.0, 79.0, 79.0, 78.0, 79.0, 81.0, 81.0, 82.0, 81.0, 82.0, 81.0, 79.0, 79.0, 78.0, 76.0, 77.0, 74.0, 73.0], [72.0, 73.0, 69.0, 66.0, 63.0, 56.0, 54.0, 51.0, 59.0, 61.0, 66.0, 67.0, 69.0, 71.0, 73.0, 79.0, 81.0, 81.0, 81.0, 82.0, 83.0, 81.0, 80.0, 81.0, 79.0, 79.0, 76.0, 77.0, 76.0, 74.0, 74.0, 74.0], [67.0, 63.0, 62.0, 61.0, 57.0, 53.0, 54.0, 60.0, 66.0, 68.0, 70.0, 72.0, 75.0, 77.0, 77.0, 80.0, 81.0, 82.0, 82.0, 83.0, 80.0, 78.0, 78.0, 76.0, 78.0, 76.0, 76.0, 74.0, 73.0, 74.0, 78.0, 74.0]]}